{"Index": "TWII", "Date": "2011-03-22", "Open": 8523.269531, "High": 8552.820313, "Low": 8508.040039, "Close": 8508.040039, "Adj Close": 8508.007813, "Volume": 2781400.0, "CloseUSD": 340.32160156}